"row_id","cgid","label","description"
"1",3467,17468,"RO","Read Only"
"2",3468,17469,"RO","Read Only"
"3",3469,17470,"RO","Read Only"
"4",3470,17471,"RO","Read Only"
"5",3471,17472,"RN",NA
"6",3472,17473,"UCO","UCO"
"7",3473,17474,"RN","RN"
"8",3474,17475,"Res","Resident/Fellow/PA/NP"
"9",3475,17476,"RN","RN"
"10",3476,17477,"RRT",NA
"11",3477,17478,"RN","RN"
"12",3478,17479,"RRT","Respiratory"
"13",3479,17480,"RN","RN"
"14",3480,17481,"RO","Read Only"
"15",3481,17482,"RN",NA
"16",3482,17483,"RO","Read Only"
"17",3483,17484,"RO","Read Only"
"18",3484,17485,"RN","RN"
"19",3485,17486,NA,NA
"20",3486,17487,"RRT",NA
"21",3487,17488,"MD",NA
"22",3488,17489,"MD",NA
"23",3489,17490,"RO","Read Only"
"24",3490,17491,"RO","Read Only"
"25",3491,17492,"MD",NA
"26",3492,17493,"RTSt",NA
"27",3493,17494,"RO","Read Only"
"28",3494,17495,"RN",NA
"29",3495,17496,"RN",NA
"30",3496,17497,"RO","Read Only"
"31",3497,17498,"MD",NA
"32",3498,17499,"RN",NA
"33",3499,17500,"RO","Read Only"
"34",3500,17501,"RO","Read Only"
"35",3501,17502,"RO","Read Only"
"36",3502,17503,"Res",NA
"37",3503,17504,"MD",NA
"38",3504,17505,"Coord",NA
"39",3505,17506,"RO","Read Only"
"40",3506,17507,"PT","Rehabilitation"
"41",3507,17508,"RN",NA
"42",3508,17509,"MD",NA
"43",3509,17510,"MD",NA
"44",3510,17511,"RN",NA
"45",3511,17512,"RN",NA
"46",3512,17513,"RO","Read Only"
"47",3513,17514,"Res","Resident/Fellow/PA/NP"
"48",3514,17515,"RO","Read Only"
"49",3515,17516,"MD","Resident/Fellow/PA/NP"
"50",3516,17517,"RN",NA
"51",3517,17518,"RO","Read Only"
"52",3518,17519,"PCT",NA
"53",3519,17520,"RN","Case Manager"
"54",3520,17521,"DI",NA
"55",3521,17522,"Res","Resident/Fellow/PA/NP"
"56",3522,17523,"RO","Read Only"
"57",3523,17524,"DR",NA
"58",3524,17525,"RN","RN"
"59",3525,17526,"STD",NA
"60",3526,17527,"MD","Resident/Fellow/PA/NP"
"61",3527,17528,"STD",NA
"62",3528,17529,"MD",NA
"63",3529,17530,"MD",NA
"64",3530,17531,"RES","Read Only"
"65",3531,17532,"RO","Read Only"
"66",3532,17533,"RO","Read Only"
"67",3533,17534,"RO","Read Only"
"68",3534,17535,"RPh",NA
"69",3535,17536,"MS","Resident/Fellow/PA/NP"
"70",3536,17537,"RO","Read Only"
"71",3537,17538,"Res","Resident/Fellow/PA/NP"
"72",3538,17539,"RO","Read Only"
"73",3539,17540,"RO","Read Only"
"74",3540,17541,"Res","Resident/Fellow/PA/NP"
"75",3541,17542,"Res","Resident/Fellow/PA/NP"
"76",3542,17543,"MD",NA
"77",3543,17544,"MD",NA
"78",3544,17545,"RO","Read Only"
"79",3545,17546,"NuStud",NA
"80",3546,17547,"MD",NA
"81",3547,17548,"Res","Resident/Fellow/PA/NP"
"82",2798,16798,"PharmD",NA
"83",2799,16799,"md","Read Only"
"84",2800,16800,"RO","Read Only"
"85",2801,16801,"RO","Read Only"
"86",2802,16802,"Res","Resident/Fellow/PA/NP"
"87",2803,16803,"UA","UCO"
"88",2804,16804,"MD",NA
"89",2805,16805,"RO","Read Only"
"90",2806,16806,"IMD","IMD"
"91",2807,16807,"SW","Social Worker"
"92",2808,16808,"RO","Read Only"
"93",2809,16809,"RO","Read Only"
"94",2810,16810,"MD","Resident/Fellow/PA/NP"
"95",2811,16811,"Res","Resident/Fellow/PA/NP"
"96",2812,16812,"RO","Read Only"
"97",2813,16813,"MDs",NA
"98",2814,16814,"Res","Resident/Fellow/PA/NP"
"99",2815,16815,"RO","Read Only"
"100",2816,16816,"RO","Read Only"
"101",2817,16817,"MS",NA
"102",2818,16818,"RN","RN"
"103",2819,16819,"MD",NA
"104",2820,16820,"RO","Read Only"
"105",2821,16821,"RO","Read Only"
"106",2822,16822,"RO","Read Only"
"107",2823,16823,"UCO",NA
"108",2824,16824,"RTStu",NA
"109",2825,16825,"MS","UCO"
"110",2826,16826,"MD",NA
"111",2827,16827,"UA","UCO"
"112",2828,16828,"Res","Resident/Fellow/PA/NP"
"113",2829,16829,"Prog",NA
"114",2830,16830,"RO","Read Only"
"115",2831,16831,"MS",NA
"116",2832,16832,"UCO",NA
"117",2833,16833,"RO","Read Only"
"118",2834,16834,"RO","Read Only"
"119",2835,16835,"RO","Read Only"
"120",2836,16836,"UCO","UCO"
"121",2837,16837,"RN","RN"
"122",2838,16838,"RD","Dietitian"
"123",2839,16839,"RO","Read Only"
"124",2840,16840,"RO","Read Only"
"125",2841,16841,"RO","Read Only"
"126",2842,16842,"RPh",NA
"127",2843,16843,"ReschA",NA
"128",2844,16844,"RO","Read Only"
"129",2845,16845,"StPHa",NA
"130",2846,16846,"CoWker",NA
"131",2847,16847,"CRA",NA
"132",2848,16848,"RRT",NA
"133",2849,16849,"RO","Read Only"
"134",2850,16850,"PT",NA
"135",2851,16851,"MD",NA
"136",2852,16852,"Res","Resident/Fellow/PA/NP"
"137",2853,16853,"DI","Dietitian"
"138",2854,16854,"RT","Respiratory"
"139",2855,16855,"MS",NA
"140",2856,16856,"RO","Read Only"
"141",2857,16857,"Res","Resident/Fellow/PA/NP"
"142",2858,16858,"PHaD",NA
"143",2859,16859,"Res","Resident/Fellow/PA/NP"
"144",2860,16860,"MD","Read Only"
"145",2861,16861,"rn","RN"
"146",2862,16862,"SW","Social Worker"
"147",2863,16863,"Res","Resident/Fellow/PA/NP"
"148",2864,16864,"rn",NA
"149",2865,16865,"RN",NA
"150",2866,16866,"RN","RN"
"151",2867,16867,"MD","Attending"
"152",2868,16868,"RO","Read Only"
"153",2869,16869,"RN",NA
"154",2870,16870,"RN","RN"
"155",2871,16871,"RO","Read Only"
"156",2872,16872,"RO","Read Only"
"157",2873,16873,"MD",NA
"158",2874,16874,"RO","Read Only"
"159",2875,16875,"MD",NA
"160",2876,16876,"RO","Read Only"
"161",2877,16877,"Res",NA
"162",2878,16878,"RO","Read Only"
"163",2879,16879,"RO","Read Only"
"164",2880,16880,"RO","Read Only"
"165",2881,16881,"Stu",NA
"166",2882,16882,"Res",NA
"167",2883,16883,NA,NA
"168",2884,16884,"RO","Read Only"
"169",2885,16885,"MD","Attending"
"170",2886,16886,"RN,RPh",NA
"171",2887,16887,"MD",NA
"172",2888,16888,"MD","Read Only"
"173",2889,16889,"RO","Read Only"
"174",2890,16890,"RN","RN"
"175",2891,16891,"UCO","UCO"
"176",2892,16892,"RO","Read Only"
"177",2893,16893,"RO","Read Only"
"178",2894,16894,"RN",NA
"179",2895,16895,"RO","Read Only"
"180",2896,16896,"MD",NA
"181",2897,16897,"MD",NA
"182",2898,16898,"MD",NA
"183",2899,16899,"RN",NA
"184",2900,16900,"RO","Read Only"
"185",2901,16901,"RN","RN"
"186",2902,16902,"MS",NA
"187",2903,16903,"RN",NA
"188",2904,16904,"MD",NA
"189",2905,16905,"MD",NA
"190",2906,16906,"ISSUPP",NA
"191",2907,16907,"MD","Resident/Fellow/PA/NP"
"192",2908,16908,"MD",NA
"193",2909,16909,"RO","Read Only"
"194",2910,16910,"MD",NA
"195",2911,16911,"RO","Read Only"
"196",2912,16912,"RO","Read Only"
"197",2913,16913,"MD",NA
"198",2914,16914,"RN",NA
"199",2915,16915,"RN","RN"
"200",2916,16916,"RN",NA
"201",2917,16917,"RO","Read Only"
"202",2918,16918,"Stud",NA
"203",2919,16919,"RO","Read Only"
"204",2920,16920,"RO","Read Only"
"205",2921,16921,"MDs",NA
"206",2922,16922,"MD",NA
"207",2923,16923,"RNC",NA
"208",2924,16924,"RRT","Respiratory"
"209",2925,16925,"RO","Read Only"
"210",2926,16926,"RN","RN"
"211",2927,16927,"Rph","Pharmacist"
"212",2928,16928,"RNC",NA
"213",2929,16929,"MD","Read Only"
"214",2930,16930,"RO","Read Only"
"215",2931,16931,"CoOpst","Read Only"
"216",2932,16932,"MDs",NA
"217",2933,16933,"RO","Read Only"
"218",2934,16934,"RN","RN"
"219",2935,16935,"RO","Read Only"
"220",2936,16936,"MD",NA
"221",2937,16937,"MD",NA
"222",2938,16938,"MedSt.",NA
"223",2939,16939,"RN","RN"
"224",2940,16940,"RO","Read Only"
"225",2941,16941,"RRT",NA
"226",2942,16942,"PT",NA
"227",2943,16943,"Res","Resident/Fellow/PA/NP"
"228",2944,16944,"Res","Resident/Fellow/PA/NP"
"229",2945,16945,"RRT","Respiratory"
"230",2946,16946,"RN","Read Only"
"231",2947,16947,"MDs","Resident/Fellow/PA/NP"
"232",2948,16948,"RN","RN"
"233",2949,16949,"RN",NA
"234",2950,16950,"RN",NA
"235",2951,16951,"RN","Respiratory"
"236",2952,16952,"RO","Read Only"
"237",2953,16953,"UCO","UCO"
"238",2954,16954,"RRT",NA
"239",2955,16955,"RO","Read Only"
"240",2956,16956,"MS",NA
"241",2957,16957,"RN","RN"
"242",2958,16958,"STD",NA
"243",2959,16959,"MD",NA
"244",2960,16960,"RN","RN"
"245",2961,16961,"MD","Resident/Fellow/PA/NP"
"246",2962,16962,"MD",NA
"247",2963,16963,"RO","Read Only"
"248",2964,16964,"RN","RN"
"249",2965,16965,"Co-Wor","PCT/NA"
"250",2966,16966,"RO","Read Only"
"251",2967,16967,"RO","Read Only"
"252",2968,16968,"RO","Read Only"
"253",2969,16969,"MS",NA
"254",2970,16970,"MD",NA
"255",2971,16971,"PT",NA
"256",2972,16973,"MD","Read Only"
"257",2973,16974,"MD","Resident/Fellow/PA/NP"
"258",2974,16975,"RRT",NA
"259",2975,16976,"MD",NA
"260",2976,16977,"MD","Resident/Fellow/PA/NP"
"261",2977,16978,"RN","RN"
"262",2978,16979,"RO","Read Only"
"263",2979,16980,"MD","Resident/Fellow/PA/NP"
"264",2980,16981,"MSIV",NA
"265",2981,16982,"MD",NA
"266",2982,16983,"MD","Read Only"
"267",2983,16984,"MD",NA
"268",2984,16985,"RRT","Respiratory"
"269",2985,16986,"MD",NA
"270",2986,16987,"PhStud",NA
"271",2987,16988,"MD","Read Only"
"272",2988,16989,"RO","Read Only"
"273",2989,16990,"RO","Read Only"
"274",2990,16991,"MD",NA
"275",2991,16992,"RO","Read Only"
"276",2992,16993,"MD",NA
"277",2993,16994,"RO","Read Only"
"278",2994,16995,"MDs","Resident/Fellow/PA/NP"
"279",3044,16996,"RO","Read Only"
"280",3045,16997,"RO","Read Only"
"281",3046,16998,"RO","Read Only"
"282",3047,16999,"RO","Read Only"
"283",3048,17000,"MD",NA
"284",3049,17001,"RN",NA
"285",3050,17002,"RN",NA
"286",3051,17003,"MS",NA
"287",3052,17004,"MD",NA
"288",3053,17005,"RN","RN"
"289",3054,17006,"MD",NA
"290",3055,17007,"RO","Read Only"
"291",3056,17008,"MD",NA
"292",3057,17009,"RN",NA
"293",3058,17010,"RN","RN"
"294",3059,17011,"RO","Read Only"
"295",3060,17012,"RO","Read Only"
"296",3061,17013,"RN","RN"
"297",3062,17014,"PCT","PCT/NA"
"298",3063,17015,"RN",NA
"299",3064,17016,"RO","Read Only"
"300",3065,17017,"RO","Read Only"
"301",3066,17018,"RT","Respiratory"
"302",3067,17019,"RO","Read Only"
"303",3068,17020,"RO","Read Only"
"304",3069,17021,"RO","Read Only"
"305",3070,17022,"MD",NA
"306",3071,17023,"RN",NA
"307",3072,17024,"RO","Read Only"
"308",3073,17025,"CRS","Read Only"
"309",3074,17026,"PhaD",NA
"310",3075,17027,"RO","Read Only"
"311",3076,17028,"RO","Read Only"
"312",3077,17029,"Md","Read Only"
"313",3078,17030,"MDs","Resident/Fellow/PA/NP"
"314",3079,17031,"MDs",NA
"315",3080,17032,"RO","Read Only"
"316",3081,17033,"MD","Read Only"
"317",3082,17034,"IMD","IMD"
"318",3083,17035,"RO","Read Only"
"319",3084,17036,"RO","Read Only"
"320",3085,17037,"MD",NA
"321",3086,17038,"MD","Resident/Fellow/PA/NP"
"322",3087,17039,"MD",NA
"323",3088,17040,"SRT",NA
"324",3089,17041,"Res","Resident/Fellow/PA/NP"
"325",3090,17042,"MDs","Resident/Fellow/PA/NP"
"326",3091,17043,"MD",NA
"327",3092,17044,"MD","Resident/Fellow/PA/NP"
"328",6894,20846,"RNC","Read Only"
"329",6895,20847,"NP",NA
"330",6896,20848,"RN",NA
"331",6897,20849,"MDs",NA
"332",6898,20850,"RO","Read Only"
"333",6899,20851,"RO","Read Only"
"334",6900,20852,"MD",NA
"335",6901,20853,"MD","Resident/Fellow/PA/NP"
"336",6902,20854,"Res","Resident/Fellow/PA/NP"
"337",6903,20855,"RN","RN"
"338",6904,20856,"RN","RN"
"339",6905,20857,"Res","Resident/Fellow/PA/NP"
"340",6906,20858,"MD","Read Only"
"341",6907,20859,"MD","Read Only"
"342",6908,20860,"RO","Read Only"
"343",6909,20861,"RN","RN"
"344",6910,20862,"Co-Wkr",NA
"345",6911,20863,"MD",NA
"346",6912,20864,"RN",NA
"347",6913,20865,"RO","Read Only"
"348",6914,20866,"RN","RN"
"349",6915,20867,"MD",NA
"350",6916,20868,"RN","RN"
"351",6917,20869,"RO","Read Only"
"352",6918,20870,"PT",NA
"353",6919,20871,"RN","RN"
"354",6920,20872,"RO","Read Only"
"355",6921,20873,"MD","Resident/Fellow/PA/NP"
"356",6922,20874,"RPh",NA
"357",6923,20875,"MD",NA
"358",6924,20876,"RO","Read Only"
"359",6925,20877,"RN","RN"
"360",6926,20878,"PCT","PCT/NA"
"361",6927,20879,"Rehab","Rehabilitation"
"362",6928,20880,"RPh","Pharmacist"
"363",6929,20881,"RO","Read Only"
"364",6930,20882,"RN","RN"
"365",6931,20883,"RO","Read Only"
"366",6932,20884,"Res","Resident/Fellow/PA/NP"
"367",6933,20885,"RO","Read Only"
"368",6934,20886,"MD",NA
"369",6935,20887,"RN","Case Manager"
"370",6936,20888,"MD",NA
"371",6937,20889,"IMD","IMD"
"372",6938,20890,"RN","RN"
"373",6939,20891,"Res","Resident/Fellow/PA/NP"
"374",6940,20892,"Rehab","Rehabilitation"
"375",6941,20893,"MS",NA
"376",6942,20894,"Res","Resident/Fellow/PA/NP"
"377",6943,20895,"RO","Read Only"
"378",6944,20896,"MD",NA
"379",6945,20897,"RO","Read Only"
"380",6946,20898,"MD",NA
"381",6947,20899,"RO","Read Only"
"382",6948,20900,"RO","Read Only"
"383",6949,20901,"Res","Resident/Fellow/PA/NP"
"384",6950,20902,"Res","Resident/Fellow/PA/NP"
"385",6951,20903,"MDs","Read Only"
"386",6952,20904,"MS",NA
"387",6953,20905,"RO","Read Only"
"388",6954,20906,NA,NA
"389",6955,20907,"DietIn",NA
"390",6956,20908,"CoWker",NA
"391",6957,20909,"MD",NA
"392",6958,20910,"MS",NA
"393",6959,20911,"Res","Resident/Fellow/PA/NP"
"394",6960,20912,"Res","Resident/Fellow/PA/NP"
"395",6961,20913,"RO","Read Only"
"396",6962,20914,"RRT",NA
"397",6963,20915,"RO","Read Only"
"398",6964,20916,"SNP",NA
"399",6965,20917,"RO","Read Only"
"400",6966,20918,"Res","Resident/Fellow/PA/NP"
"401",6967,20919,"Res","Resident/Fellow/PA/NP"
"402",6968,20920,"Res","Resident/Fellow/PA/NP"
"403",6969,20921,"MD",NA
"404",6970,20922,"RN","RN"
"405",6971,20923,"Res","Resident/Fellow/PA/NP"
"406",6972,20924,"RN","RN"
"407",6973,20925,"Res","Resident/Fellow/PA/NP"
"408",6974,20926,"RPH",NA
"409",6975,20927,"RO","Read Only"
"410",6976,20928,"MD",NA
"411",6977,20929,"MDs","Resident/Fellow/PA/NP"
"412",6978,20930,"RO","Read Only"
"413",6979,20931,"RN",NA
"414",6980,20932,"MD",NA
"415",6981,20933,"Res","Resident/Fellow/PA/NP"
"416",6982,20934,"MD",NA
"417",6983,20935,"RO","Read Only"
"418",6984,20936,"RO","Read Only"
"419",6985,20937,"MD",NA
"420",6986,20938,"Rehab","Rehabilitation"
"421",6987,20939,"RN","RN"
"422",6988,20940,"MD",NA
"423",6989,20941,"Res","Resident/Fellow/PA/NP"
"424",6990,20942,"RN","RN"
"425",6991,20943,"RO","Read Only"
"426",6992,20944,"CM","Case Manager"
"427",6993,20945,"Res",NA
"428",6994,20946,"Res","Resident/Fellow/PA/NP"
"429",6995,20947,"RO","Read Only"
"430",6996,20948,"RN",NA
"431",6997,20949,"Unit A",NA
"432",6998,20950,"Res","Resident/Fellow/PA/NP"
"433",6999,20951,"RN","RN"
"434",7000,20952,"Res","Resident/Fellow/PA/NP"
"435",7001,20953,"Res","Resident/Fellow/PA/NP"
"436",7002,20954,"RO","Read Only"
"437",7003,20955,NA,NA
"438",7004,20956,"Res","Resident/Fellow/PA/NP"
"439",7005,20957,"RPh",NA
"440",7006,20958,"Res","Resident/Fellow/PA/NP"
"441",7007,20959,"Res","Resident/Fellow/PA/NP"
"442",7008,20960,"ms",NA
"443",7009,20961,"taf","Read Only"
"444",7010,20962,"RN",NA
"445",7011,20963,"RN",NA
"446",7012,20964,"RRT",NA
"447",7013,20965,"tap","Read Only"
"448",7014,20966,"RN",NA
"449",7015,20967,"MD",NA
"450",7016,20968,"MD",NA
"451",7017,20969,"RO","Read Only"
"452",7018,20970,"RRT","Respiratory"
"453",7019,20971,"RN","RN"
"454",7020,20972,"MD",NA
"455",7021,20973,"RN","RN"
"456",7022,20974,"RPH","Pharmacist"
"457",7023,20975,"RPH","Pharmacist"
"458",7024,20976,"RN",NA
"459",7025,20977,"UA","Attending"
"460",6544,20978,"MDs","Read Only"
"461",6545,20979,"Res","Resident/Fellow/PA/NP"
"462",6546,20980,"MD",NA
"463",6547,20981,"RO","Read Only"
"464",6548,20982,"MD",NA
"465",6549,20983,"Res","Resident/Fellow/PA/NP"
"466",6550,20984,"Res","Resident/Fellow/PA/NP"
"467",6551,20985,"Res","Resident/Fellow/PA/NP"
"468",6552,20986,"MD","Read Only"
"469",6553,20987,"MD",NA
"470",6554,20988,"RN",NA
"471",6555,20989,"RO","Read Only"
"472",6556,20990,"RN",NA
"473",6557,20991,"RO","Read Only"
"474",6558,20992,"RN",NA
"475",6559,20993,"RO","Read Only"
"476",6560,20994,"RO","Read Only"
"477",6561,20995,"RO","Read Only"
"478",6562,20996,"RO","Read Only"
"479",6563,20997,"RO","Read Only"
"480",6564,20998,"MS",NA
"481",6565,20999,"RO","Read Only"
"482",6566,21000,"RO","Read Only"
"483",6567,21001,"UCO",NA
"484",6568,21002,"RN","Read Only"
"485",6569,21003,"Rehab","Rehabilitation"
"486",5679,20122,"Res","Resident/Fellow/PA/NP"
"487",5680,20123,"MSIV",NA
"488",5681,20124,"CoWker",NA
"489",5682,20125,"Par","Pharmacist"
"490",5683,20126,"RD","Dietitian"
"491",5684,20127,"Res","Resident/Fellow/PA/NP"
"492",5685,20128,"StuNur",NA
"493",5686,20129,"Res","Resident/Fellow/PA/NP"
"494",5687,20130,"RT","Respiratory"
"495",5688,20131,"RN","RN"
"496",5689,20132,"RO","Read Only"
"497",6130,20133,"MS",NA
"498",6131,20134,"RPh","Pharmacist"
"499",6132,20135,"Res","Resident/Fellow/PA/NP"
"500",6133,20136,"RN",NA
"501",6134,20137,"RPH","Pharmacist"
"502",6135,20138,"Res","Resident/Fellow/PA/NP"
"503",6136,20139,"Res","Resident/Fellow/PA/NP"
"504",6137,20140,"RN","RN"
"505",6138,20141,"RO","Read Only"
"506",6139,20142,"Res","Resident/Fellow/PA/NP"
"507",6140,20143,"Res","Resident/Fellow/PA/NP"
"508",6141,20144,"Res","Resident/Fellow/PA/NP"
"509",6142,20145,"MD","Resident/Fellow/PA/NP"
"510",6143,20146,"RO","Read Only"
"511",6144,20147,"RO","Read Only"
"512",6145,20148,"RN","RN"
"513",6146,20149,"MD",NA
"514",6147,20150,"RN","RN"
"515",6148,20151,"MD",NA
"516",6149,20152,"RO","Read Only"
"517",6150,20153,"Res","Resident/Fellow/PA/NP"
"518",6151,20154,"RN",NA
"519",6152,20155,"RO","Read Only"
"520",6153,20156,"RN",NA
"521",6154,20157,"RD/LDN","Dietitian"
"522",6155,20158,"Ph.Stu",NA
"523",6156,20159,"Res","Resident/Fellow/PA/NP"
"524",6157,20160,"PCT","PCT/NA"
"525",6158,20161,"RN","RN"
"526",6159,20162,"RO","Read Only"
"527",6160,20163,"MD",NA
"528",6161,20164,"MD","Read Only"
"529",6162,20165,"RN","RN"
"530",6163,20166,"Rehab","Rehabilitation"
"531",6164,20167,"RO","Read Only"
"532",6165,20168,"RO","Read Only"
"533",6166,20169,"RO","Read Only"
"534",6167,20170,"Res","Resident/Fellow/PA/NP"
"535",6168,20171,"RN","RN"
"536",6169,20172,"RN","RN"
"537",6170,20173,"Res","Resident/Fellow/PA/NP"
"538",6171,20174,"RO","Read Only"
"539",6172,20175,"Res","Resident/Fellow/PA/NP"
"540",6173,20176,"Res","Resident/Fellow/PA/NP"
"541",6174,20177,"RO","Read Only"
"542",6175,20178,"RO","Read Only"
"543",6176,20179,"MDs","Read Only"
"544",6177,20180,"MS",NA
"545",6178,20181,"RO","Read Only"
"546",6179,20182,"RO","Read Only"
"547",6180,20183,"HMSIV",NA
"548",6181,20184,"RO","Read Only"
"549",6182,20185,"RO","Read Only"
"550",6183,20186,"RO","Read Only"
"551",6184,20187,"MDs","Resident/Fellow/PA/NP"
"552",6185,20188,"Res","Resident/Fellow/PA/NP"
"553",6186,20189,"RPH","Pharmacist"
"554",6187,20190,"RO","Read Only"
"555",6188,20191,"RO","Read Only"
"556",6189,20192,"MD",NA
"557",6190,20193,"RN","RN"
"558",6191,20194,"SW","Social Worker"
"559",6192,20195,"MS","Resident/Fellow/PA/NP"
"560",6193,20196,"RO","Read Only"
"561",6194,20197,"MD",NA
"562",5500,19503,"Res","Resident/Fellow/PA/NP"
"563",5501,19504,"MD",NA
"564",5502,19505,"RO","Read Only"
"565",5503,19506,"CM","Case Manager"
"566",5504,19507,"Res","Resident/Fellow/PA/NP"
"567",5505,19508,"Res","Resident/Fellow/PA/NP"
"568",5506,19509,"MS",NA
"569",5507,19510,"RT","Respiratory"
"570",5508,19511,"MD",NA
"571",5509,19512,"Res",NA
"572",5510,19513,"Rehab","Rehabilitation"
"573",5511,19514,"Rehab","Rehabilitation"
"574",5512,19515,"RO","Read Only"
"575",5513,19516,"MedSt",NA
"576",5514,19517,"Rehab","Rehabilitation"
"577",5515,19518,"Res","Resident/Fellow/PA/NP"
"578",5516,19519,"Res","Resident/Fellow/PA/NP"
"579",5517,19520,"MS",NA
"580",5518,19521,"SW","Social Worker"
"581",5519,19522,"PCT","PCT/NA"
"582",5520,19523,"PCT","PCT/NA"
"583",5521,19524,"MD",NA
"584",5522,19525,"RN","RN"
"585",5523,19526,"RO","Read Only"
"586",5524,19527,"PrADM",NA
"587",5525,19528,"RN",NA
"588",5526,19529,"RO","Read Only"
"589",5527,19530,"LICSW",NA
"590",5528,19531,"PA-C","Read Only"
"591",5529,19532,"RN",NA
"592",5530,19533,"Ph.Stu",NA
"593",5531,19534,"RNCM",NA
"594",5532,19535,"Res","Resident/Fellow/PA/NP"
"595",5533,19536,"RO","Read Only"
"596",5534,19537,"MD",NA
"597",5535,19538,"MD",NA
"598",5536,19539,"RPH","Pharmacist"
"599",5537,19540,"Res","Resident/Fellow/PA/NP"
"600",5538,19541,"MD",NA
"601",5539,19542,"Res","Resident/Fellow/PA/NP"
"602",5540,19543,"RN","RN"
"603",5541,19544,"SW","Social Worker"
"604",5542,19545,"Res","Resident/Fellow/PA/NP"
"605",5543,19546,NA,NA
"606",5544,19547,"MD","Attending"
"607",5545,19548,"RO","Read Only"
"608",5546,19549,"Rehab","Rehabilitation"
"609",5547,19550,"Res","Resident/Fellow/PA/NP"
"610",5548,19551,"RO","Read Only"
"611",5549,19552,"MD","Attending"
"612",5550,19553,"Res","Resident/Fellow/PA/NP"
"613",5551,19554,"RN","RN"
"614",5552,19555,"Res","Resident/Fellow/PA/NP"
"615",5553,19556,"Res","Resident/Fellow/PA/NP"
"616",5554,19557,"Res","Resident/Fellow/PA/NP"
"617",5555,19558,"Res","Resident/Fellow/PA/NP"
"618",5556,19559,"Res","Resident/Fellow/PA/NP"
"619",5557,19560,"SW","Social Worker"
"620",5558,19561,"RN","RN"
"621",5559,19562,"RN","RN"
"622",5560,19563,"MedStu",NA
"623",5561,19564,"Rehab","Rehabilitation"
"624",5562,19565,"Res","Resident/Fellow/PA/NP"
"625",5563,19566,"Res","Resident/Fellow/PA/NP"
"626",5564,19567,"MD",NA
"627",5565,19568,"StPh",NA
"628",5566,19569,"Rehab","Rehabilitation"
"629",5567,19570,"RO","Read Only"
"630",5568,19571,"Res","Resident/Fellow/PA/NP"
"631",5569,19572,"RD",NA
"632",5570,19573,"Res","Resident/Fellow/PA/NP"
"633",5571,19574,"Res","Resident/Fellow/PA/NP"
"634",5572,19575,"RO","Read Only"
"635",5573,19576,"Res","Resident/Fellow/PA/NP"
"636",7567,21276,"Res","Resident/Fellow/PA/NP"
"637",7026,21277,"Res","Resident/Fellow/PA/NP"
"638",7027,21278,"Res","Resident/Fellow/PA/NP"
"639",7028,21279,"MD",NA
"640",7029,21280,"Res","Resident/Fellow/PA/NP"
"641",7030,21281,"CM","Case Manager"
"642",7031,21282,"Res","Resident/Fellow/PA/NP"
"643",7032,21283,"Res","Resident/Fellow/PA/NP"
"644",7033,21284,"MD","Attending"
"645",7034,21285,"Res","Resident/Fellow/PA/NP"
"646",7035,21286,"CM","Case Manager"
"647",7036,21287,"CM","Case Manager"
"648",7037,21288,"RN","RN"
"649",7038,21289,"Res","Resident/Fellow/PA/NP"
"650",7039,21290,"RN","RN"
"651",7040,21291,"RN","RN"
"652",7041,21292,"Ph Stu",NA
"653",7042,21293,"St",NA
"654",7043,21294,"RTS",NA
"655",7044,21295,"MD","Read Only"
"656",7045,21296,"RN",NA
"657",7046,21297,"RN","RN"
"658",7047,21298,"RO","Read Only"
"659",7048,21299,"MD",NA
"660",7049,21300,"SRT",NA
"661",7050,21301,"Res","Resident/Fellow/PA/NP"
"662",7051,21302,"Res","Resident/Fellow/PA/NP"
"663",7052,21303,"CM","Case Manager"
"664",7053,21304,"RN","RN"
"665",7054,21305,"RN","RN"
"666",7055,21306,"Res","Resident/Fellow/PA/NP"
"667",7056,21307,"CM","Case Manager"
"668",7057,21308,"RN","RN"
"669",7058,21309,"CM","Case Manager"
"670",7059,21310,"CM","Case Manager"
"671",7060,21311,"Admin","Administrator"
"672",7061,21312,"Res","Resident/Fellow/PA/NP"
"673",7062,21313,"Rehab","Rehabilitation"
"674",7063,21314,"Rehab","Rehabilitation"
"675",7064,21315,"RN","RN"
"676",7065,21316,"Rehab","Rehabilitation"
"677",7066,21317,"RO","Read Only"
"678",7067,21318,"RN","RN"
"679",7068,21319,"MS","Respiratory"
"680",7069,21320,"Res","Resident/Fellow/PA/NP"
"681",7070,21321,"RN","RN"
"682",7071,21322,"RT","Respiratory"
"683",7072,21323,"RN",NA
"684",7073,21324,"PCT","PCT/NA"
"685",7074,21325,"RO","Read Only"
"686",7075,21326,"RN","RN"
"687",7076,21327,"RN","RN"
"688",7077,21328,"MD","Attending"
"689",7078,21329,"ISSupp",NA
"690",7079,21330,"RO","Read Only"
"691",7080,21331,"MD",NA
"692",7081,21332,"ISOPS","Administrator"
"693",7082,21333,"RO","Read Only"
"694",7083,21334,"MD",NA
"695",7084,21335,"RN","RN"
"696",7085,21336,"RNs","RN"
"697",7086,21337,"RO","Read Only"
"698",7087,21338,"RO","Read Only"
"699",7088,21339,"MD","Read Only"
"700",7089,21340,"Res","Resident/Fellow/PA/NP"
"701",7090,21341,"RN","RN"
"702",7091,21342,"MS",NA
"703",7092,21343,"RO","Read Only"
"704",7093,21344,"MD",NA
"705",7094,21345,"RO","Read Only"
"706",7095,21346,"MD",NA
"707",7096,21347,"PCT",NA
"708",7097,21348,"RO","Read Only"
"709",7098,21349,"MD",NA
"710",7099,21350,"NA","PCT/NA"
"711",7100,21351,"MD",NA
"712",7101,21352,"RN",NA
"713",7102,21353,"RO","Read Only"
"714",7103,21354,"MDs","Resident/Fellow/PA/NP"
"715",7104,21355,"RRT","Read Only"
"716",7105,21356,"RO","Read Only"
"717",7106,21357,"RO","Read Only"
"718",7107,21358,"Res","Resident/Fellow/PA/NP"
"719",7108,21359,"SW","Social Worker"
"720",7109,21360,"Res","Resident/Fellow/PA/NP"
"721",7110,21361,"PCT","PCT/NA"
"722",7111,21362,"PC","Pastoral Care"
"723",7112,21363,"RO","Read Only"
"724",7113,21364,"MD",NA
"725",7114,21365,"Res","Resident/Fellow/PA/NP"
"726",7115,21366,"Res","Resident/Fellow/PA/NP"
"727",7116,21367,"RT","Respiratory"
"728",7117,21368,"MD","Read Only"
"729",7118,21369,"Rehab","Rehabilitation"
"730",7119,21370,"Intern","Resident/Fellow/PA/NP"
"731",7120,21371,"RO","Read Only"
"732",7121,21372,"Res","Resident/Fellow/PA/NP"
"733",7122,21373,"RD","Dietitian"
"734",7123,21374,"Res","Resident/Fellow/PA/NP"
"735",7124,21375,"Res","Resident/Fellow/PA/NP"
"736",7125,21376,"Res","Resident/Fellow/PA/NP"
"737",7126,21377,"Res","Resident/Fellow/PA/NP"
"738",7127,21378,"RO","Read Only"
"739",7128,21379,"RPH","Pharmacist"
"740",7129,21380,"RD","Dietitian"
"741",7130,21381,"MD",NA
"742",7131,21382,"SW","Social Worker"
"743",7132,21383,"Res","Resident/Fellow/PA/NP"
"744",7133,21384,"Rehab","Rehabilitation"
"745",7134,21385,"RO","Read Only"
"746",7135,21386,"RN","RN"
"747",7136,21387,"Res","Resident/Fellow/PA/NP"
"748",7137,21388,"Res","Resident/Fellow/PA/NP"
"749",7138,21389,"Res","Resident/Fellow/PA/NP"
"750",7139,21390,"Res","Resident/Fellow/PA/NP"
"751",7140,21391,"MD",NA
"752",7141,21392,"Res","Resident/Fellow/PA/NP"
"753",7142,21393,"MD","Read Only"
"754",7143,21394,"RO","Read Only"
"755",7144,21395,"Res","Resident/Fellow/PA/NP"
"756",7145,21396,"MD",NA
"757",7146,21397,"Res","Resident/Fellow/PA/NP"
"758",7147,21398,"Res","Resident/Fellow/PA/NP"
"759",7148,21399,"RN","RN"
"760",7149,21400,"RO","Read Only"
"761",7150,21401,"MedSt",NA
"762",7151,21402,"Res","Resident/Fellow/PA/NP"
"763",7152,21403,"RO","Read Only"
"764",7153,21404,"RO","Read Only"
"765",7154,21405,"Res","Resident/Fellow/PA/NP"
"766",7155,21406,"RD","Dietitian"
"767",7156,21407,"RO","Read Only"
"768",7157,21408,"RO","Read Only"
"769",7158,21409,"RO","Read Only"
"770",7159,21410,"RO","Read Only"
"771",7160,21411,"Res","Resident/Fellow/PA/NP"
"772",7161,21412,"MS","Resident/Fellow/PA/NP"
"773",7162,21413,"RD","Dietitian"
"774",7163,21414,"RO","Read Only"
"775",7164,21415,"Res","Resident/Fellow/PA/NP"
"776",7165,21416,"MDs",NA
"777",7166,21417,"RO","Read Only"
"778",7167,21418,"CoWker","PCT/NA"
"779",7168,21419,"PC","Pastoral Care"
"780",7169,21420,"MD",NA
"781",7170,21421,"UA","UCO"
"782",7171,21422,"RN",NA
"783",7172,21423,"RO","Read Only"
"784",7173,21424,"MS",NA
"785",7174,21425,"MD",NA
